student_id,course_id,semester
S0001,C001,2024春季学期
S0002,C001,2024春季学期
S0003,C001,2024春季学期
S0004,C001,2024春季学期
S0005,C001,2024春季学期
S0006,C001,2024春季学期
S0007,C001,2024春季学期
S0008,C001,2024春季学期
S0009,C001,2024春季学期
S0010,C001,2024春季学期
S0011,C001,2024春季学期
S0012,C001,2024春季学期
S0013,C001,2024春季学期
S0014,C001,2024春季学期
S0015,C001,2024春季学期
S0016,C001,2024春季学期
S0017,C001,2024春季学期
S0018,C001,2024春季学期
S0019,C001,2024春季学期
S0020,C001,2024春季学期
S0021,C001,2024春季学期
S0022,C001,2024春季学期
S0023,C001,2024春季学期
S0024,C001,2024春季学期
S0025,C001,2024春季学期
S0026,C001,2024春季学期
S0027,C001,2024春季学期
S0028,C001,2024春季学期
S0029,C001,2024春季学期
S0030,C001,2024春季学期
S0031,C001,2024春季学期
S0032,C001,2024春季学期
S0033,C001,2024春季学期
S0034,C001,2024春季学期
S0035,C001,2024春季学期
S0036,C001,2024春季学期
S0037,C001,2024春季学期
S0038,C001,2024春季学期
S0039,C001,2024春季学期
S0040,C001,2024春季学期
S0041,C001,2024春季学期
S0042,C001,2024春季学期
S0043,C001,2024春季学期
S0044,C001,2024春季学期
S0045,C001,2024春季学期
S0046,C001,2024春季学期
S0047,C001,2024春季学期
S0048,C001,2024春季学期
S0049,C001,2024春季学期
S0050,C001,2024春季学期
S0051,C001,2024春季学期
S0052,C001,2024春季学期
S0053,C001,2024春季学期
S0054,C001,2024春季学期
S0055,C001,2024春季学期
S0056,C001,2024春季学期
S0057,C001,2024春季学期
S0058,C001,2024春季学期
S0059,C001,2024春季学期
S0060,C001,2024春季学期
S0061,C001,2024春季学期
S0062,C001,2024春季学期
S0063,C001,2024春季学期
S0064,C001,2024春季学期
S0065,C001,2024春季学期
S0066,C001,2024春季学期
S0067,C001,2024春季学期
S0068,C001,2024春季学期
S0069,C001,2024春季学期
S0070,C001,2024春季学期
S0071,C001,2024春季学期
S0072,C001,2024春季学期
S0073,C001,2024春季学期
S0074,C001,2024春季学期
S0075,C001,2024春季学期
S0076,C001,2024春季学期
S0077,C001,2024春季学期
S0078,C001,2024春季学期
S0079,C001,2024春季学期
S0080,C001,2024春季学期
S0081,C001,2024春季学期
S0082,C001,2024春季学期
S0083,C001,2024春季学期
S0084,C001,2024春季学期
S0085,C001,2024春季学期
S0086,C001,2024春季学期
S0087,C001,2024春季学期
S0088,C001,2024春季学期
S0089,C001,2024春季学期
S0090,C001,2024春季学期
S0091,C001,2024春季学期
S0092,C001,2024春季学期
S0093,C001,2024春季学期
S0094,C001,2024春季学期
S0095,C001,2024春季学期
S0096,C001,2024春季学期
S0097,C001,2024春季学期
S0098,C001,2024春季学期
S0099,C001,2024春季学期
S0100,C001,2024春季学期
S0101,C001,2024春季学期
S0102,C001,2024春季学期
S0103,C001,2024春季学期
S0104,C001,2024春季学期
S0105,C001,2024春季学期
S0106,C001,2024春季学期
S0107,C001,2024春季学期
S0108,C001,2024春季学期
S0109,C001,2024春季学期
S0110,C001,2024春季学期
S0111,C001,2024春季学期
S0112,C001,2024春季学期
S0113,C001,2024春季学期
S0114,C001,2024春季学期
S0115,C001,2024春季学期
S0116,C001,2024春季学期
S0117,C001,2024春季学期
S0118,C001,2024春季学期
S0119,C001,2024春季学期
S0120,C001,2024春季学期
S0121,C001,2024春季学期
S0122,C001,2024春季学期
S0123,C001,2024春季学期
S0124,C001,2024春季学期
S0125,C001,2024春季学期
S0126,C001,2024春季学期
S0127,C001,2024春季学期
S0128,C001,2024春季学期
S0129,C001,2024春季学期
S0130,C001,2024春季学期
S0131,C001,2024春季学期
S0132,C001,2024春季学期
S0133,C001,2024春季学期
S0134,C001,2024春季学期
S0135,C001,2024春季学期
S0136,C001,2024春季学期
S0137,C001,2024春季学期
S0138,C001,2024春季学期
S0139,C001,2024春季学期
S0140,C001,2024春季学期
S0141,C001,2024春季学期
S0142,C001,2024春季学期
S0143,C001,2024春季学期
S0144,C001,2024春季学期
S0145,C001,2024春季学期
S0146,C001,2024春季学期
S0147,C001,2024春季学期
S0148,C001,2024春季学期
S0149,C001,2024春季学期
S0150,C001,2024春季学期
S0151,C001,2024春季学期
S0152,C001,2024春季学期
S0153,C001,2024春季学期
S0154,C001,2024春季学期
S0155,C001,2024春季学期
S0156,C001,2024春季学期
S0157,C001,2024春季学期
S0158,C001,2024春季学期
S0159,C001,2024春季学期
S0160,C001,2024春季学期
S0161,C001,2024春季学期
S0162,C001,2024春季学期
S0163,C001,2024春季学期
S0164,C001,2024春季学期
S0165,C001,2024春季学期
S0166,C001,2024春季学期
S0167,C001,2024春季学期
S0168,C001,2024春季学期
S0169,C001,2024春季学期
S0170,C001,2024春季学期
S0171,C001,2024春季学期
S0172,C001,2024春季学期
S0173,C001,2024春季学期
S0174,C001,2024春季学期
S0175,C001,2024春季学期
S0176,C001,2024春季学期
S0177,C001,2024春季学期
S0178,C001,2024春季学期
S0179,C001,2024春季学期
S0180,C001,2024春季学期
S0181,C001,2024春季学期
S0182,C001,2024春季学期
S0183,C001,2024春季学期
S0184,C001,2024春季学期
S0185,C001,2024春季学期
S0186,C001,2024春季学期
S0187,C001,2024春季学期
S0188,C001,2024春季学期
S0189,C001,2024春季学期
S0190,C001,2024春季学期
S0191,C001,2024春季学期
S0192,C001,2024春季学期
S0193,C001,2024春季学期
S0194,C001,2024春季学期
S0195,C001,2024春季学期
S0196,C001,2024春季学期
S0197,C001,2024春季学期
S0198,C001,2024春季学期
S0199,C001,2024春季学期
S0200,C001,2024春季学期
S0201,C001,2024春季学期
S0202,C001,2024春季学期
S0203,C001,2024春季学期
S0204,C001,2024春季学期
S0205,C001,2024春季学期
S0206,C001,2024春季学期
S0207,C001,2024春季学期
S0208,C001,2024春季学期
S0209,C001,2024春季学期
S0210,C001,2024春季学期
S0211,C001,2024春季学期
S0212,C001,2024春季学期
S0213,C001,2024春季学期
S0214,C001,2024春季学期
S0215,C001,2024春季学期
S0216,C001,2024春季学期
S0217,C001,2024春季学期
S0218,C001,2024春季学期
S0219,C001,2024春季学期
S0220,C001,2024春季学期
S0221,C001,2024春季学期
S0222,C001,2024春季学期
S0223,C001,2024春季学期
S0224,C001,2024春季学期
S0225,C001,2024春季学期
S0226,C001,2024春季学期
S0227,C001,2024春季学期
S0228,C001,2024春季学期
S0229,C001,2024春季学期
S0230,C001,2024春季学期
S0231,C001,2024春季学期
S0232,C001,2024春季学期
S0233,C001,2024春季学期
S0234,C001,2024春季学期
S0235,C001,2024春季学期
S0236,C001,2024春季学期
S0237,C001,2024春季学期
S0238,C001,2024春季学期
S0239,C001,2024春季学期
S0240,C001,2024春季学期
S0241,C001,2024春季学期
S0242,C001,2024春季学期
S0243,C001,2024春季学期
S0244,C001,2024春季学期
S0245,C001,2024春季学期
S0246,C001,2024春季学期
S0247,C001,2024春季学期
S0248,C001,2024春季学期
S0249,C001,2024春季学期
S0250,C001,2024春季学期
S0251,C001,2024春季学期
S0252,C001,2024春季学期
S0253,C001,2024春季学期
S0254,C001,2024春季学期
S0255,C001,2024春季学期
S0256,C001,2024春季学期
S0257,C001,2024春季学期
S0258,C001,2024春季学期
S0259,C001,2024春季学期
S0260,C001,2024春季学期
S0261,C001,2024春季学期
S0262,C001,2024春季学期
S0263,C001,2024春季学期
S0264,C001,2024春季学期
S0265,C001,2024春季学期
S0266,C001,2024春季学期
S0267,C001,2024春季学期
S0268,C001,2024春季学期
S0269,C001,2024春季学期
S0270,C001,2024春季学期
S0271,C001,2024春季学期
S0272,C001,2024春季学期
S0273,C001,2024春季学期
S0274,C001,2024春季学期
S0275,C001,2024春季学期
S0276,C001,2024春季学期
S0277,C001,2024春季学期
S0278,C001,2024春季学期
S0279,C001,2024春季学期
S0280,C001,2024春季学期
S0281,C001,2024春季学期
S0282,C001,2024春季学期
S0283,C001,2024春季学期
S0284,C001,2024春季学期
S0285,C001,2024春季学期
S0286,C001,2024春季学期
S0287,C001,2024春季学期
S0288,C001,2024春季学期
S0289,C001,2024春季学期
S0290,C001,2024春季学期
S0291,C001,2024春季学期
S0292,C001,2024春季学期
S0293,C001,2024春季学期
S0294,C001,2024春季学期
S0295,C001,2024春季学期
S0296,C001,2024春季学期
S0297,C001,2024春季学期
S0298,C001,2024春季学期
S0299,C001,2024春季学期
S0300,C001,2024春季学期
S0301,C001,2024春季学期
S0302,C001,2024春季学期
S0303,C001,2024春季学期
S0304,C001,2024春季学期
S0305,C001,2024春季学期
S0306,C001,2024春季学期
S0307,C001,2024春季学期
S0308,C001,2024春季学期
S0309,C001,2024春季学期
S0310,C001,2024春季学期
S0311,C001,2024春季学期
S0312,C001,2024春季学期
S0313,C001,2024春季学期
S0314,C001,2024春季学期
S0315,C001,2024春季学期
S0316,C001,2024春季学期
S0317,C001,2024春季学期
S0318,C001,2024春季学期
S0319,C001,2024春季学期
S0320,C001,2024春季学期
S0321,C001,2024春季学期
S0322,C001,2024春季学期
S0323,C001,2024春季学期
S0324,C001,2024春季学期
S0325,C001,2024春季学期
S0326,C001,2024春季学期
S0327,C001,2024春季学期
S0328,C001,2024春季学期
S0329,C001,2024春季学期
S0330,C001,2024春季学期
S0331,C001,2024春季学期
S0332,C001,2024春季学期
S0333,C001,2024春季学期
S0334,C001,2024春季学期
S0335,C001,2024春季学期
S0336,C001,2024春季学期
S0337,C001,2024春季学期
S0338,C001,2024春季学期
S0339,C001,2024春季学期
S0340,C001,2024春季学期
S0341,C001,2024春季学期
S0342,C001,2024春季学期
S0343,C001,2024春季学期
S0344,C001,2024春季学期
S0345,C001,2024春季学期
S0346,C001,2024春季学期
S0347,C001,2024春季学期
S0348,C001,2024春季学期
S0349,C001,2024春季学期
S0350,C001,2024春季学期
S0351,C001,2024春季学期
S0352,C001,2024春季学期
S0353,C001,2024春季学期
S0354,C001,2024春季学期
S0355,C001,2024春季学期
S0356,C001,2024春季学期
S0357,C001,2024春季学期
S0358,C001,2024春季学期
S0359,C001,2024春季学期
S0360,C001,2024春季学期
S0361,C001,2024春季学期
S0362,C001,2024春季学期
S0363,C001,2024春季学期
S0364,C001,2024春季学期
S0365,C001,2024春季学期
S0366,C001,2024春季学期
S0367,C001,2024春季学期
S0368,C001,2024春季学期
S0369,C001,2024春季学期
S0370,C001,2024春季学期
S0371,C001,2024春季学期
S0372,C001,2024春季学期
S0373,C001,2024春季学期
S0374,C001,2024春季学期
S0375,C001,2024春季学期
S0376,C001,2024春季学期
S0377,C001,2024春季学期
S0378,C001,2024春季学期
S0379,C001,2024春季学期
S0380,C001,2024春季学期
S0381,C001,2024春季学期
S0382,C001,2024春季学期
S0383,C001,2024春季学期
S0384,C001,2024春季学期
S0385,C001,2024春季学期
S0386,C001,2024春季学期
S0387,C001,2024春季学期
S0388,C001,2024春季学期
S0389,C001,2024春季学期
S0390,C001,2024春季学期
S0391,C001,2024春季学期
S0392,C001,2024春季学期
S0393,C001,2024春季学期
S0394,C001,2024春季学期
S0395,C001,2024春季学期
S0396,C001,2024春季学期
S0397,C001,2024春季学期
S0398,C001,2024春季学期
S0399,C001,2024春季学期
S0400,C001,2024春季学期
S0401,C001,2024春季学期
S0402,C001,2024春季学期
S0403,C001,2024春季学期
S0404,C001,2024春季学期
S0405,C001,2024春季学期
S0406,C001,2024春季学期
S0407,C001,2024春季学期
S0408,C001,2024春季学期
S0409,C001,2024春季学期
S0410,C001,2024春季学期
S0411,C001,2024春季学期
S0412,C001,2024春季学期
S0413,C001,2024春季学期
S0414,C001,2024春季学期
S0415,C001,2024春季学期
S0416,C001,2024春季学期
S0417,C001,2024春季学期
S0418,C001,2024春季学期
S0419,C001,2024春季学期
S0420,C001,2024春季学期
S0421,C001,2024春季学期
S0422,C001,2024春季学期
S0423,C001,2024春季学期
S0424,C001,2024春季学期
S0425,C001,2024春季学期
S0426,C001,2024春季学期
S0427,C001,2024春季学期
S0428,C001,2024春季学期
S0429,C001,2024春季学期
S0430,C001,2024春季学期
S0431,C001,2024春季学期
S0432,C001,2024春季学期
S0433,C001,2024春季学期
S0434,C001,2024春季学期
S0435,C001,2024春季学期
S0436,C001,2024春季学期
S0437,C001,2024春季学期
S0438,C001,2024春季学期
S0439,C001,2024春季学期
S0440,C001,2024春季学期
S0441,C001,2024春季学期
S0442,C001,2024春季学期
S0443,C001,2024春季学期
S0444,C001,2024春季学期
S0445,C001,2024春季学期
S0446,C001,2024春季学期
S0447,C001,2024春季学期
S0448,C001,2024春季学期
S0449,C001,2024春季学期
S0450,C001,2024春季学期
S0451,C001,2024春季学期
S0452,C001,2024春季学期
S0453,C001,2024春季学期
S0454,C001,2024春季学期
S0455,C001,2024春季学期
S0456,C001,2024春季学期
S0457,C001,2024春季学期
S0458,C001,2024春季学期
S0459,C001,2024春季学期
S0460,C001,2024春季学期
S0461,C001,2024春季学期
S0462,C001,2024春季学期
S0463,C001,2024春季学期
S0464,C001,2024春季学期
S0465,C001,2024春季学期
S0466,C001,2024春季学期
S0467,C001,2024春季学期
S0468,C001,2024春季学期
S0469,C001,2024春季学期
S0470,C001,2024春季学期
S0471,C001,2024春季学期
S0472,C001,2024春季学期
S0473,C001,2024春季学期
S0474,C001,2024春季学期
S0475,C001,2024春季学期
S0476,C001,2024春季学期
S0477,C001,2024春季学期
S0478,C001,2024春季学期
S0479,C001,2024春季学期
S0480,C001,2024春季学期
S0481,C001,2024春季学期
S0482,C001,2024春季学期
S0483,C001,2024春季学期
S0484,C001,2024春季学期
S0485,C001,2024春季学期
S0486,C001,2024春季学期
S0487,C001,2024春季学期
S0488,C001,2024春季学期
S0489,C001,2024春季学期
S0490,C001,2024春季学期
S0491,C001,2024春季学期
S0492,C001,2024春季学期
S0493,C001,2024春季学期
S0494,C001,2024春季学期
S0495,C001,2024春季学期
S0496,C001,2024春季学期
S0497,C001,2024春季学期
S0498,C001,2024春季学期
S0499,C001,2024春季学期
S0500,C001,2024春季学期
S0501,C001,2024春季学期
S0502,C001,2024春季学期
S0503,C001,2024春季学期
S0504,C001,2024春季学期
S0505,C001,2024春季学期
S0506,C001,2024春季学期
S0507,C001,2024春季学期
S0508,C001,2024春季学期
S0509,C001,2024春季学期
S0510,C001,2024春季学期
S0511,C001,2024春季学期
S0512,C001,2024春季学期
S0513,C001,2024春季学期
S0514,C001,2024春季学期
S0515,C001,2024春季学期
S0516,C001,2024春季学期
S0517,C001,2024春季学期
S0518,C001,2024春季学期
S0519,C001,2024春季学期
S0520,C001,2024春季学期
S0521,C001,2024春季学期
S0522,C001,2024春季学期
S0523,C001,2024春季学期
S0524,C001,2024春季学期
S0525,C001,2024春季学期
S0526,C001,2024春季学期
S0527,C001,2024春季学期
S0528,C001,2024春季学期
S0529,C001,2024春季学期
S0530,C001,2024春季学期
S0531,C001,2024春季学期
S0532,C001,2024春季学期
S0533,C001,2024春季学期
S0534,C001,2024春季学期
S0535,C001,2024春季学期
S0536,C001,2024春季学期
S0537,C001,2024春季学期
S0538,C001,2024春季学期
S0539,C001,2024春季学期
S0540,C001,2024春季学期
S0541,C001,2024春季学期
S0542,C001,2024春季学期
S0543,C001,2024春季学期
S0544,C001,2024春季学期
S0545,C001,2024春季学期
S0546,C001,2024春季学期
S0547,C001,2024春季学期
S0548,C001,2024春季学期
S0549,C001,2024春季学期
S0550,C001,2024春季学期
S0551,C001,2024春季学期
S0552,C001,2024春季学期
S0553,C001,2024春季学期
S0554,C001,2024春季学期
S0555,C001,2024春季学期
S0556,C001,2024春季学期
S0557,C001,2024春季学期
S0558,C001,2024春季学期
S0559,C001,2024春季学期
S0560,C001,2024春季学期
S0561,C001,2024春季学期
S0562,C001,2024春季学期
S0563,C001,2024春季学期
S0564,C001,2024春季学期
S0565,C001,2024春季学期
S0566,C001,2024春季学期
S0567,C001,2024春季学期
S0568,C001,2024春季学期
S0569,C001,2024春季学期
S0570,C001,2024春季学期
S0571,C001,2024春季学期
S0572,C001,2024春季学期
S0573,C001,2024春季学期
S0574,C001,2024春季学期
S0575,C001,2024春季学期
S0576,C001,2024春季学期
S0577,C001,2024春季学期
S0578,C001,2024春季学期
S0579,C001,2024春季学期
S0580,C001,2024春季学期
S0581,C001,2024春季学期
S0582,C001,2024春季学期
S0583,C001,2024春季学期
S0584,C001,2024春季学期
S0585,C001,2024春季学期
S0586,C001,2024春季学期
S0587,C001,2024春季学期
S0588,C001,2024春季学期
S0589,C001,2024春季学期
S0590,C001,2024春季学期
S0591,C001,2024春季学期
S0592,C001,2024春季学期
S0593,C001,2024春季学期
S0594,C001,2024春季学期
S0595,C001,2024春季学期
S0596,C001,2024春季学期
S0597,C001,2024春季学期
S0598,C001,2024春季学期
S0599,C001,2024春季学期
S0600,C001,2024春季学期
S0601,C001,2024春季学期
S0602,C001,2024春季学期
S0603,C001,2024春季学期
S0604,C001,2024春季学期
S0605,C001,2024春季学期
S0606,C001,2024春季学期
S0607,C001,2024春季学期
S0608,C001,2024春季学期
S0609,C001,2024春季学期
S0610,C001,2024春季学期
S0611,C001,2024春季学期
S0612,C001,2024春季学期
S0613,C001,2024春季学期
S0614,C001,2024春季学期
S0615,C001,2024春季学期
S0616,C001,2024春季学期
S0617,C001,2024春季学期
S0618,C001,2024春季学期
S0619,C001,2024春季学期
S0620,C001,2024春季学期
S0621,C001,2024春季学期
S0622,C001,2024春季学期
S0623,C001,2024春季学期
S0624,C001,2024春季学期
S0625,C001,2024春季学期
S0626,C001,2024春季学期
S0627,C001,2024春季学期
S0628,C001,2024春季学期
S0629,C001,2024春季学期
S0630,C001,2024春季学期
S0631,C001,2024春季学期
S0632,C001,2024春季学期
S0633,C001,2024春季学期
S0634,C001,2024春季学期
S0635,C001,2024春季学期
S0636,C001,2024春季学期
S0637,C001,2024春季学期
S0638,C001,2024春季学期
S0639,C001,2024春季学期
S0640,C001,2024春季学期
S0641,C001,2024春季学期
S0642,C001,2024春季学期
S0643,C001,2024春季学期
S0644,C001,2024春季学期
S0645,C001,2024春季学期
S0646,C001,2024春季学期
S0647,C001,2024春季学期
S0648,C001,2024春季学期
S0649,C001,2024春季学期
S0650,C001,2024春季学期
S0651,C001,2024春季学期
S0652,C001,2024春季学期
S0653,C001,2024春季学期
S0654,C001,2024春季学期
S0655,C001,2024春季学期
S0656,C001,2024春季学期
S0657,C001,2024春季学期
S0658,C001,2024春季学期
S0659,C001,2024春季学期
S0660,C001,2024春季学期
S0661,C001,2024春季学期
S0662,C001,2024春季学期
S0663,C001,2024春季学期
S0664,C001,2024春季学期
S0665,C001,2024春季学期
S0666,C001,2024春季学期
S0667,C001,2024春季学期
S0668,C001,2024春季学期
S0669,C001,2024春季学期
S0670,C001,2024春季学期
S0671,C001,2024春季学期
S0672,C001,2024春季学期
S0673,C001,2024春季学期
S0674,C001,2024春季学期
S0675,C001,2024春季学期
S0676,C001,2024春季学期
S0677,C001,2024春季学期
S0678,C001,2024春季学期
S0679,C001,2024春季学期
S0680,C001,2024春季学期
S0681,C001,2024春季学期
S0682,C001,2024春季学期
S0683,C001,2024春季学期
S0684,C001,2024春季学期
S0685,C001,2024春季学期
S0686,C001,2024春季学期
S0687,C001,2024春季学期
S0688,C001,2024春季学期
S0689,C001,2024春季学期
S0690,C001,2024春季学期
S0691,C001,2024春季学期
S0692,C001,2024春季学期
S0693,C001,2024春季学期
S0694,C001,2024春季学期
S0695,C001,2024春季学期
S0696,C001,2024春季学期
S0697,C001,2024春季学期
S0698,C001,2024春季学期
S0699,C001,2024春季学期
S0700,C001,2024春季学期
S0701,C001,2024春季学期
S0702,C001,2024春季学期
S0703,C001,2024春季学期
S0704,C001,2024春季学期
S0705,C001,2024春季学期
S0706,C001,2024春季学期
S0707,C001,2024春季学期
S0708,C001,2024春季学期
S0709,C001,2024春季学期
S0710,C001,2024春季学期
S0711,C001,2024春季学期
S0712,C001,2024春季学期
S0713,C001,2024春季学期
S0714,C001,2024春季学期
S0715,C001,2024春季学期
S0716,C001,2024春季学期
S0717,C001,2024春季学期
S0718,C001,2024春季学期
S0719,C001,2024春季学期
S0720,C001,2024春季学期
S0721,C001,2024春季学期
S0722,C001,2024春季学期
S0723,C001,2024春季学期
S0724,C001,2024春季学期
S0725,C001,2024春季学期
S0726,C001,2024春季学期
S0727,C001,2024春季学期
S0728,C001,2024春季学期
S0729,C001,2024春季学期
S0730,C001,2024春季学期
S0731,C001,2024春季学期
S0732,C001,2024春季学期
S0733,C001,2024春季学期
S0734,C001,2024春季学期
S0735,C001,2024春季学期
S0736,C001,2024春季学期
S0737,C001,2024春季学期
S0738,C001,2024春季学期
S0739,C001,2024春季学期
S0740,C001,2024春季学期
S0741,C001,2024春季学期
S0742,C001,2024春季学期
S0743,C001,2024春季学期
S0744,C001,2024春季学期
S0745,C001,2024春季学期
S0746,C001,2024春季学期
S0747,C001,2024春季学期
S0748,C001,2024春季学期
S0749,C001,2024春季学期
S0750,C001,2024春季学期
S0751,C001,2024春季学期
S0752,C001,2024春季学期
S0753,C001,2024春季学期
S0754,C001,2024春季学期
S0755,C001,2024春季学期
S0756,C001,2024春季学期
S0757,C001,2024春季学期
S0758,C001,2024春季学期
S0759,C001,2024春季学期
S0760,C001,2024春季学期
S0761,C001,2024春季学期
S0762,C001,2024春季学期
S0763,C001,2024春季学期
S0764,C001,2024春季学期
S0765,C001,2024春季学期
S0766,C001,2024春季学期
S0767,C001,2024春季学期
S0768,C001,2024春季学期
S0769,C001,2024春季学期
S0770,C001,2024春季学期
S0771,C001,2024春季学期
S0772,C001,2024春季学期
S0773,C001,2024春季学期
S0774,C001,2024春季学期
S0775,C001,2024春季学期
S0776,C001,2024春季学期
S0777,C001,2024春季学期
S0778,C001,2024春季学期
S0779,C001,2024春季学期
S0780,C001,2024春季学期
S0781,C001,2024春季学期
S0782,C001,2024春季学期
S0783,C001,2024春季学期
S0784,C001,2024春季学期
S0785,C001,2024春季学期
S0786,C001,2024春季学期
S0787,C001,2024春季学期
S0788,C001,2024春季学期
S0789,C001,2024春季学期
S0790,C001,2024春季学期
S0791,C001,2024春季学期
S0792,C001,2024春季学期
S0793,C001,2024春季学期
S0794,C001,2024春季学期
S0795,C001,2024春季学期
S0796,C001,2024春季学期
S0797,C001,2024春季学期
S0798,C001,2024春季学期
S0799,C001,2024春季学期
S0800,C001,2024春季学期
S0801,C001,2024春季学期
S0802,C001,2024春季学期
S0803,C001,2024春季学期
S0804,C001,2024春季学期
S0805,C001,2024春季学期
S0806,C001,2024春季学期
S0807,C001,2024春季学期
S0808,C001,2024春季学期
S0809,C001,2024春季学期
S0810,C001,2024春季学期
S0811,C001,2024春季学期
S0812,C001,2024春季学期
S0813,C001,2024春季学期
S0814,C001,2024春季学期
S0815,C001,2024春季学期
S0816,C001,2024春季学期
S0817,C001,2024春季学期
S0818,C001,2024春季学期
S0819,C001,2024春季学期
S0820,C001,2024春季学期
S0821,C001,2024春季学期
S0822,C001,2024春季学期
S0823,C001,2024春季学期
S0824,C001,2024春季学期
S0825,C001,2024春季学期
S0826,C001,2024春季学期
S0827,C001,2024春季学期
S0828,C001,2024春季学期
S0829,C001,2024春季学期
S0830,C001,2024春季学期
S0831,C001,2024春季学期
S0832,C001,2024春季学期
S0833,C001,2024春季学期
S0834,C001,2024春季学期
S0835,C001,2024春季学期
S0836,C001,2024春季学期
S0837,C001,2024春季学期
S0838,C001,2024春季学期
S0839,C001,2024春季学期
S0840,C001,2024春季学期
S0841,C001,2024春季学期
S0842,C001,2024春季学期
S0843,C001,2024春季学期
S0844,C001,2024春季学期
S0845,C001,2024春季学期
S0846,C001,2024春季学期
S0847,C001,2024春季学期
S0848,C001,2024春季学期
S0849,C001,2024春季学期
S0850,C001,2024春季学期
S0851,C001,2024春季学期
S0852,C001,2024春季学期
S0853,C001,2024春季学期
S0854,C001,2024春季学期
S0855,C001,2024春季学期
S0856,C001,2024春季学期
S0857,C001,2024春季学期
S0858,C001,2024春季学期
S0859,C001,2024春季学期
S0860,C001,2024春季学期
S0861,C001,2024春季学期
S0862,C001,2024春季学期
S0863,C001,2024春季学期
S0864,C001,2024春季学期
S0865,C001,2024春季学期
S0866,C001,2024春季学期
S0867,C001,2024春季学期
S0868,C001,2024春季学期
S0869,C001,2024春季学期
S0870,C001,2024春季学期
S0871,C001,2024春季学期
S0872,C001,2024春季学期
S0873,C001,2024春季学期
S0874,C001,2024春季学期
S0875,C001,2024春季学期
S0876,C001,2024春季学期
S0877,C001,2024春季学期
S0878,C001,2024春季学期
S0879,C001,2024春季学期
S0880,C001,2024春季学期
S0881,C001,2024春季学期
S0882,C001,2024春季学期
S0883,C001,2024春季学期
S0884,C001,2024春季学期
S0885,C001,2024春季学期
S0886,C001,2024春季学期
S0887,C001,2024春季学期
S0888,C001,2024春季学期
S0889,C001,2024春季学期
S0890,C001,2024春季学期
S0891,C001,2024春季学期
S0892,C001,2024春季学期
S0893,C001,2024春季学期
S0894,C001,2024春季学期
S0895,C001,2024春季学期
S0896,C001,2024春季学期
S0897,C001,2024春季学期
S0898,C001,2024春季学期
S0899,C001,2024春季学期
S0900,C001,2024春季学期
S0901,C001,2024春季学期
S0902,C001,2024春季学期
S0903,C001,2024春季学期
S0904,C001,2024春季学期
S0905,C001,2024春季学期
S0906,C001,2024春季学期
S0907,C001,2024春季学期
S0908,C001,2024春季学期
S0909,C001,2024春季学期
S0910,C001,2024春季学期
S0911,C001,2024春季学期
S0912,C001,2024春季学期
S0913,C001,2024春季学期
S0914,C001,2024春季学期
S0915,C001,2024春季学期
S0916,C001,2024春季学期
S0917,C001,2024春季学期
S0918,C001,2024春季学期
S0919,C001,2024春季学期
S0920,C001,2024春季学期
S0921,C001,2024春季学期
S0922,C001,2024春季学期
S0923,C001,2024春季学期
S0924,C001,2024春季学期
S0925,C001,2024春季学期
S0926,C001,2024春季学期
S0927,C001,2024春季学期
S0928,C001,2024春季学期
S0929,C001,2024春季学期
S0930,C001,2024春季学期
S0931,C001,2024春季学期
S0932,C001,2024春季学期
S0933,C001,2024春季学期
S0934,C001,2024春季学期
S0935,C001,2024春季学期
S0936,C001,2024春季学期
S0937,C001,2024春季学期
S0938,C001,2024春季学期
S0939,C001,2024春季学期
S0940,C001,2024春季学期
S0941,C001,2024春季学期
S0942,C001,2024春季学期
S0943,C001,2024春季学期
S0944,C001,2024春季学期
S0945,C001,2024春季学期
S0946,C001,2024春季学期
S0947,C001,2024春季学期
S0948,C001,2024春季学期
S0949,C001,2024春季学期
S0950,C001,2024春季学期
S0951,C001,2024春季学期
S0952,C001,2024春季学期
S0953,C001,2024春季学期
S0954,C001,2024春季学期
S0955,C001,2024春季学期
S0956,C001,2024春季学期
S0957,C001,2024春季学期
S0958,C001,2024春季学期
S0959,C001,2024春季学期
S0960,C001,2024春季学期
S0961,C001,2024春季学期
S0962,C001,2024春季学期
S0963,C001,2024春季学期
S0964,C001,2024春季学期
S0965,C001,2024春季学期
S0966,C001,2024春季学期
S0967,C001,2024春季学期
S0968,C001,2024春季学期
S0969,C001,2024春季学期
S0970,C001,2024春季学期
S0971,C001,2024春季学期
S0972,C001,2024春季学期
S0973,C001,2024春季学期
S0974,C001,2024春季学期
S0975,C001,2024春季学期
S0976,C001,2024春季学期
S0977,C001,2024春季学期
S0978,C001,2024春季学期
S0979,C001,2024春季学期
S0980,C001,2024春季学期
S0981,C001,2024春季学期
S0982,C001,2024春季学期
S0983,C001,2024春季学期
S0984,C001,2024春季学期
S0985,C001,2024春季学期
S0986,C001,2024春季学期
S0987,C001,2024春季学期
S0988,C001,2024春季学期
S0989,C001,2024春季学期
S0990,C001,2024春季学期
S0991,C001,2024春季学期
S0992,C001,2024春季学期
S0993,C001,2024春季学期
S0994,C001,2024春季学期
S0995,C001,2024春季学期
S0996,C001,2024春季学期
S0997,C001,2024春季学期
S0998,C001,2024春季学期
S0999,C001,2024春季学期
S1000,C001,2024春季学期
S0001,C002,2024春季学期
S0002,C002,2024春季学期
S0003,C002,2024春季学期
S0004,C002,2024春季学期
S0005,C002,2024春季学期
S0006,C002,2024春季学期
S0007,C002,2024春季学期
S0008,C002,2024春季学期
S0009,C002,2024春季学期
S0010,C002,2024春季学期
S0011,C002,2024春季学期
S0012,C002,2024春季学期
S0013,C002,2024春季学期
S0014,C002,2024春季学期
S0015,C002,2024春季学期
S0016,C002,2024春季学期
S0017,C002,2024春季学期
S0018,C002,2024春季学期
S0019,C002,2024春季学期
S0020,C002,2024春季学期
S0021,C002,2024春季学期
S0022,C002,2024春季学期
S0023,C002,2024春季学期
S0024,C002,2024春季学期
S0025,C002,2024春季学期
S0026,C002,2024春季学期
S0027,C002,2024春季学期
S0028,C002,2024春季学期
S0029,C002,2024春季学期
S0030,C002,2024春季学期
S0031,C002,2024春季学期
S0032,C002,2024春季学期
S0033,C002,2024春季学期
S0034,C002,2024春季学期
S0035,C002,2024春季学期
S0036,C002,2024春季学期
S0037,C002,2024春季学期
S0038,C002,2024春季学期
S0039,C002,2024春季学期
S0040,C002,2024春季学期
S0041,C002,2024春季学期
S0042,C002,2024春季学期
S0043,C002,2024春季学期
S0044,C002,2024春季学期
S0045,C002,2024春季学期
S0046,C002,2024春季学期
S0047,C002,2024春季学期
S0048,C002,2024春季学期
S0049,C002,2024春季学期
S0050,C002,2024春季学期
S0051,C002,2024春季学期
S0052,C002,2024春季学期
S0053,C002,2024春季学期
S0054,C002,2024春季学期
S0055,C002,2024春季学期
S0056,C002,2024春季学期
S0057,C002,2024春季学期
S0058,C002,2024春季学期
S0059,C002,2024春季学期
S0060,C002,2024春季学期
S0061,C002,2024春季学期
S0062,C002,2024春季学期
S0063,C002,2024春季学期
S0064,C002,2024春季学期
S0065,C002,2024春季学期
S0066,C002,2024春季学期
S0067,C002,2024春季学期
S0068,C002,2024春季学期
S0069,C002,2024春季学期
S0070,C002,2024春季学期
S0071,C002,2024春季学期
S0072,C002,2024春季学期
S0073,C002,2024春季学期
S0074,C002,2024春季学期
S0075,C002,2024春季学期
S0076,C002,2024春季学期
S0077,C002,2024春季学期
S0078,C002,2024春季学期
S0079,C002,2024春季学期
S0080,C002,2024春季学期
S0081,C002,2024春季学期
S0082,C002,2024春季学期
S0083,C002,2024春季学期
S0084,C002,2024春季学期
S0085,C002,2024春季学期
S0086,C002,2024春季学期
S0087,C002,2024春季学期
S0088,C002,2024春季学期
S0089,C002,2024春季学期
S0090,C002,2024春季学期
S0091,C002,2024春季学期
S0092,C002,2024春季学期
S0093,C002,2024春季学期
S0094,C002,2024春季学期
S0095,C002,2024春季学期
S0096,C002,2024春季学期
S0097,C002,2024春季学期
S0098,C002,2024春季学期
S0099,C002,2024春季学期
S0100,C002,2024春季学期
S0101,C002,2024春季学期
S0102,C002,2024春季学期
S0103,C002,2024春季学期
S0104,C002,2024春季学期
S0105,C002,2024春季学期
S0106,C002,2024春季学期
S0107,C002,2024春季学期
S0108,C002,2024春季学期
S0109,C002,2024春季学期
S0110,C002,2024春季学期
S0111,C002,2024春季学期
S0112,C002,2024春季学期
S0113,C002,2024春季学期
S0114,C002,2024春季学期
S0115,C002,2024春季学期
S0116,C002,2024春季学期
S0117,C002,2024春季学期
S0118,C002,2024春季学期
S0119,C002,2024春季学期
S0120,C002,2024春季学期
S0121,C002,2024春季学期
S0122,C002,2024春季学期
S0123,C002,2024春季学期
S0124,C002,2024春季学期
S0125,C002,2024春季学期
S0126,C002,2024春季学期
S0127,C002,2024春季学期
S0128,C002,2024春季学期
S0129,C002,2024春季学期
S0130,C002,2024春季学期
S0131,C002,2024春季学期
S0132,C002,2024春季学期
S0133,C002,2024春季学期
S0134,C002,2024春季学期
S0135,C002,2024春季学期
S0136,C002,2024春季学期
S0137,C002,2024春季学期
S0138,C002,2024春季学期
S0139,C002,2024春季学期
S0140,C002,2024春季学期
S0141,C002,2024春季学期
S0142,C002,2024春季学期
S0143,C002,2024春季学期
S0144,C002,2024春季学期
S0145,C002,2024春季学期
S0146,C002,2024春季学期
S0147,C002,2024春季学期
S0148,C002,2024春季学期
S0149,C002,2024春季学期
S0150,C002,2024春季学期
S0151,C002,2024春季学期
S0152,C002,2024春季学期
S0153,C002,2024春季学期
S0154,C002,2024春季学期
S0155,C002,2024春季学期
S0156,C002,2024春季学期
S0157,C002,2024春季学期
S0158,C002,2024春季学期
S0159,C002,2024春季学期
S0160,C002,2024春季学期
S0161,C002,2024春季学期
S0162,C002,2024春季学期
S0163,C002,2024春季学期
S0164,C002,2024春季学期
S0165,C002,2024春季学期
S0166,C002,2024春季学期
S0167,C002,2024春季学期
S0168,C002,2024春季学期
S0169,C002,2024春季学期
S0170,C002,2024春季学期
S0171,C002,2024春季学期
S0172,C002,2024春季学期
S0173,C002,2024春季学期
S0174,C002,2024春季学期
S0175,C002,2024春季学期
S0176,C002,2024春季学期
S0177,C002,2024春季学期
S0178,C002,2024春季学期
S0179,C002,2024春季学期
S0180,C002,2024春季学期
S0181,C002,2024春季学期
S0182,C002,2024春季学期
S0183,C002,2024春季学期
S0184,C002,2024春季学期
S0185,C002,2024春季学期
S0186,C002,2024春季学期
S0187,C002,2024春季学期
S0188,C002,2024春季学期
S0189,C002,2024春季学期
S0190,C002,2024春季学期
S0191,C002,2024春季学期
S0192,C002,2024春季学期
S0193,C002,2024春季学期
S0194,C002,2024春季学期
S0195,C002,2024春季学期
S0196,C002,2024春季学期
S0197,C002,2024春季学期
S0198,C002,2024春季学期
S0199,C002,2024春季学期
S0200,C002,2024春季学期
S0201,C002,2024春季学期
S0202,C002,2024春季学期
S0203,C002,2024春季学期
S0204,C002,2024春季学期
S0205,C002,2024春季学期
S0206,C002,2024春季学期
S0207,C002,2024春季学期
S0208,C002,2024春季学期
S0209,C002,2024春季学期
S0210,C002,2024春季学期
S0211,C002,2024春季学期
S0212,C002,2024春季学期
S0213,C002,2024春季学期
S0214,C002,2024春季学期
S0215,C002,2024春季学期
S0216,C002,2024春季学期
S0217,C002,2024春季学期
S0218,C002,2024春季学期
S0219,C002,2024春季学期
S0220,C002,2024春季学期
S0221,C002,2024春季学期
S0222,C002,2024春季学期
S0223,C002,2024春季学期
S0224,C002,2024春季学期
S0225,C002,2024春季学期
S0226,C002,2024春季学期
S0227,C002,2024春季学期
S0228,C002,2024春季学期
S0229,C002,2024春季学期
S0230,C002,2024春季学期
S0231,C002,2024春季学期
S0232,C002,2024春季学期
S0233,C002,2024春季学期
S0234,C002,2024春季学期
S0235,C002,2024春季学期
S0236,C002,2024春季学期
S0237,C002,2024春季学期
S0238,C002,2024春季学期
S0239,C002,2024春季学期
S0240,C002,2024春季学期
S0241,C002,2024春季学期
S0242,C002,2024春季学期
S0243,C002,2024春季学期
S0244,C002,2024春季学期
S0245,C002,2024春季学期
S0246,C002,2024春季学期
S0247,C002,2024春季学期
S0248,C002,2024春季学期
S0249,C002,2024春季学期
S0250,C002,2024春季学期
S0251,C002,2024春季学期
S0252,C002,2024春季学期
S0253,C002,2024春季学期
S0254,C002,2024春季学期
S0255,C002,2024春季学期
S0256,C002,2024春季学期
S0257,C002,2024春季学期
S0258,C002,2024春季学期
S0259,C002,2024春季学期
S0260,C002,2024春季学期
S0261,C002,2024春季学期
S0262,C002,2024春季学期
S0263,C002,2024春季学期
S0264,C002,2024春季学期
S0265,C002,2024春季学期
S0266,C002,2024春季学期
S0267,C002,2024春季学期
S0268,C002,2024春季学期
S0269,C002,2024春季学期
S0270,C002,2024春季学期
S0271,C002,2024春季学期
S0272,C002,2024春季学期
S0273,C002,2024春季学期
S0274,C002,2024春季学期
S0275,C002,2024春季学期
S0276,C002,2024春季学期
S0277,C002,2024春季学期
S0278,C002,2024春季学期
S0279,C002,2024春季学期
S0280,C002,2024春季学期
S0281,C002,2024春季学期
S0282,C002,2024春季学期
S0283,C002,2024春季学期
S0284,C002,2024春季学期
S0285,C002,2024春季学期
S0286,C002,2024春季学期
S0287,C002,2024春季学期
S0288,C002,2024春季学期
S0289,C002,2024春季学期
S0290,C002,2024春季学期
S0291,C002,2024春季学期
S0292,C002,2024春季学期
S0293,C002,2024春季学期
S0294,C002,2024春季学期
S0295,C002,2024春季学期
S0296,C002,2024春季学期
S0297,C002,2024春季学期
S0298,C002,2024春季学期
S0299,C002,2024春季学期
S0300,C002,2024春季学期
S0301,C002,2024春季学期
S0302,C002,2024春季学期
S0303,C002,2024春季学期
S0304,C002,2024春季学期
S0305,C002,2024春季学期
S0306,C002,2024春季学期
S0307,C002,2024春季学期
S0308,C002,2024春季学期
S0309,C002,2024春季学期
S0310,C002,2024春季学期
S0311,C002,2024春季学期
S0312,C002,2024春季学期
S0313,C002,2024春季学期
S0314,C002,2024春季学期
S0315,C002,2024春季学期
S0316,C002,2024春季学期
S0317,C002,2024春季学期
S0318,C002,2024春季学期
S0319,C002,2024春季学期
S0320,C002,2024春季学期
S0321,C002,2024春季学期
S0322,C002,2024春季学期
S0323,C002,2024春季学期
S0324,C002,2024春季学期
S0325,C002,2024春季学期
S0326,C002,2024春季学期
S0327,C002,2024春季学期
S0328,C002,2024春季学期
S0329,C002,2024春季学期
S0330,C002,2024春季学期
S0331,C002,2024春季学期
S0332,C002,2024春季学期
S0333,C002,2024春季学期
S0334,C002,2024春季学期
S0335,C002,2024春季学期
S0336,C002,2024春季学期
S0337,C002,2024春季学期
S0338,C002,2024春季学期
S0339,C002,2024春季学期
S0340,C002,2024春季学期
S0341,C002,2024春季学期
S0342,C002,2024春季学期
S0343,C002,2024春季学期
S0344,C002,2024春季学期
S0345,C002,2024春季学期
S0346,C002,2024春季学期
S0347,C002,2024春季学期
S0348,C002,2024春季学期
S0349,C002,2024春季学期
S0350,C002,2024春季学期
S0351,C002,2024春季学期
S0352,C002,2024春季学期
S0353,C002,2024春季学期
S0354,C002,2024春季学期
S0355,C002,2024春季学期
S0356,C002,2024春季学期
S0357,C002,2024春季学期
S0358,C002,2024春季学期
S0359,C002,2024春季学期
S0360,C002,2024春季学期
S0361,C002,2024春季学期
S0362,C002,2024春季学期
S0363,C002,2024春季学期
S0364,C002,2024春季学期
S0365,C002,2024春季学期
S0366,C002,2024春季学期
S0367,C002,2024春季学期
S0368,C002,2024春季学期
S0369,C002,2024春季学期
S0370,C002,2024春季学期
S0371,C002,2024春季学期
S0372,C002,2024春季学期
S0373,C002,2024春季学期
S0374,C002,2024春季学期
S0375,C002,2024春季学期
S0376,C002,2024春季学期
S0377,C002,2024春季学期
S0378,C002,2024春季学期
S0379,C002,2024春季学期
S0380,C002,2024春季学期
S0381,C002,2024春季学期
S0382,C002,2024春季学期
S0383,C002,2024春季学期
S0384,C002,2024春季学期
S0385,C002,2024春季学期
S0386,C002,2024春季学期
S0387,C002,2024春季学期
S0388,C002,2024春季学期
S0389,C002,2024春季学期
S0390,C002,2024春季学期
S0391,C002,2024春季学期
S0392,C002,2024春季学期
S0393,C002,2024春季学期
S0394,C002,2024春季学期
S0395,C002,2024春季学期
S0396,C002,2024春季学期
S0397,C002,2024春季学期
S0398,C002,2024春季学期
S0399,C002,2024春季学期
S0400,C002,2024春季学期
S0401,C002,2024春季学期
S0402,C002,2024春季学期
S0403,C002,2024春季学期
S0404,C002,2024春季学期
S0405,C002,2024春季学期
S0406,C002,2024春季学期
S0407,C002,2024春季学期
S0408,C002,2024春季学期
S0409,C002,2024春季学期
S0410,C002,2024春季学期
S0411,C002,2024春季学期
S0412,C002,2024春季学期
S0413,C002,2024春季学期
S0414,C002,2024春季学期
S0415,C002,2024春季学期
S0416,C002,2024春季学期
S0417,C002,2024春季学期
S0418,C002,2024春季学期
S0419,C002,2024春季学期
S0420,C002,2024春季学期
S0421,C002,2024春季学期
S0422,C002,2024春季学期
S0423,C002,2024春季学期
S0424,C002,2024春季学期
S0425,C002,2024春季学期
S0426,C002,2024春季学期
S0427,C002,2024春季学期
S0428,C002,2024春季学期
S0429,C002,2024春季学期
S0430,C002,2024春季学期
S0431,C002,2024春季学期
S0432,C002,2024春季学期
S0433,C002,2024春季学期
S0434,C002,2024春季学期
S0435,C002,2024春季学期
S0436,C002,2024春季学期
S0437,C002,2024春季学期
S0438,C002,2024春季学期
S0439,C002,2024春季学期
S0440,C002,2024春季学期
S0441,C002,2024春季学期
S0442,C002,2024春季学期
S0443,C002,2024春季学期
S0444,C002,2024春季学期
S0445,C002,2024春季学期
S0446,C002,2024春季学期
S0447,C002,2024春季学期
S0448,C002,2024春季学期
S0449,C002,2024春季学期
S0450,C002,2024春季学期
S0451,C002,2024春季学期
S0452,C002,2024春季学期
S0453,C002,2024春季学期
S0454,C002,2024春季学期
S0455,C002,2024春季学期
S0456,C002,2024春季学期
S0457,C002,2024春季学期
S0458,C002,2024春季学期
S0459,C002,2024春季学期
S0460,C002,2024春季学期
S0461,C002,2024春季学期
S0462,C002,2024春季学期
S0463,C002,2024春季学期
S0464,C002,2024春季学期
S0465,C002,2024春季学期
S0466,C002,2024春季学期
S0467,C002,2024春季学期
S0468,C002,2024春季学期
S0469,C002,2024春季学期
S0470,C002,2024春季学期
S0471,C002,2024春季学期
S0472,C002,2024春季学期
S0473,C002,2024春季学期
S0474,C002,2024春季学期
S0475,C002,2024春季学期
S0476,C002,2024春季学期
S0477,C002,2024春季学期
S0478,C002,2024春季学期
S0479,C002,2024春季学期
S0480,C002,2024春季学期
S0481,C002,2024春季学期
S0482,C002,2024春季学期
S0483,C002,2024春季学期
S0484,C002,2024春季学期
S0485,C002,2024春季学期
S0486,C002,2024春季学期
S0487,C002,2024春季学期
S0488,C002,2024春季学期
S0489,C002,2024春季学期
S0490,C002,2024春季学期
S0491,C002,2024春季学期
S0492,C002,2024春季学期
S0493,C002,2024春季学期
S0494,C002,2024春季学期
S0495,C002,2024春季学期
S0496,C002,2024春季学期
S0497,C002,2024春季学期
S0498,C002,2024春季学期
S0499,C002,2024春季学期
S0500,C002,2024春季学期
S0501,C002,2024春季学期
S0502,C002,2024春季学期
S0503,C002,2024春季学期
S0504,C002,2024春季学期
S0505,C002,2024春季学期
S0506,C002,2024春季学期
S0507,C002,2024春季学期
S0508,C002,2024春季学期
S0509,C002,2024春季学期
S0510,C002,2024春季学期
S0511,C002,2024春季学期
S0512,C002,2024春季学期
S0513,C002,2024春季学期
S0514,C002,2024春季学期
S0515,C002,2024春季学期
S0516,C002,2024春季学期
S0517,C002,2024春季学期
S0518,C002,2024春季学期
S0519,C002,2024春季学期
S0520,C002,2024春季学期
S0521,C002,2024春季学期
S0522,C002,2024春季学期
S0523,C002,2024春季学期
S0524,C002,2024春季学期
S0525,C002,2024春季学期
S0526,C002,2024春季学期
S0527,C002,2024春季学期
S0528,C002,2024春季学期
S0529,C002,2024春季学期
S0530,C002,2024春季学期
S0531,C002,2024春季学期
S0532,C002,2024春季学期
S0533,C002,2024春季学期
S0534,C002,2024春季学期
S0535,C002,2024春季学期
S0536,C002,2024春季学期
S0537,C002,2024春季学期
S0538,C002,2024春季学期
S0539,C002,2024春季学期
S0540,C002,2024春季学期
S0541,C002,2024春季学期
S0542,C002,2024春季学期
S0543,C002,2024春季学期
S0544,C002,2024春季学期
S0545,C002,2024春季学期
S0546,C002,2024春季学期
S0547,C002,2024春季学期
S0548,C002,2024春季学期
S0549,C002,2024春季学期
S0550,C002,2024春季学期
S0551,C002,2024春季学期
S0552,C002,2024春季学期
S0553,C002,2024春季学期
S0554,C002,2024春季学期
S0555,C002,2024春季学期
S0556,C002,2024春季学期
S0557,C002,2024春季学期
S0558,C002,2024春季学期
S0559,C002,2024春季学期
S0560,C002,2024春季学期
S0561,C002,2024春季学期
S0562,C002,2024春季学期
S0563,C002,2024春季学期
S0564,C002,2024春季学期
S0565,C002,2024春季学期
S0566,C002,2024春季学期
S0567,C002,2024春季学期
S0568,C002,2024春季学期
S0569,C002,2024春季学期
S0570,C002,2024春季学期
S0571,C002,2024春季学期
S0572,C002,2024春季学期
S0573,C002,2024春季学期
S0574,C002,2024春季学期
S0575,C002,2024春季学期
S0576,C002,2024春季学期
S0577,C002,2024春季学期
S0578,C002,2024春季学期
S0579,C002,2024春季学期
S0580,C002,2024春季学期
S0581,C002,2024春季学期
S0582,C002,2024春季学期
S0583,C002,2024春季学期
S0584,C002,2024春季学期
S0585,C002,2024春季学期
S0586,C002,2024春季学期
S0587,C002,2024春季学期
S0588,C002,2024春季学期
S0589,C002,2024春季学期
S0590,C002,2024春季学期
S0591,C002,2024春季学期
S0592,C002,2024春季学期
S0593,C002,2024春季学期
S0594,C002,2024春季学期
S0595,C002,2024春季学期
S0596,C002,2024春季学期
S0597,C002,2024春季学期
S0598,C002,2024春季学期
S0599,C002,2024春季学期
S0600,C002,2024春季学期
S0601,C002,2024春季学期
S0602,C002,2024春季学期
S0603,C002,2024春季学期
S0604,C002,2024春季学期
S0605,C002,2024春季学期
S0606,C002,2024春季学期
S0607,C002,2024春季学期
S0608,C002,2024春季学期
S0609,C002,2024春季学期
S0610,C002,2024春季学期
S0611,C002,2024春季学期
S0612,C002,2024春季学期
S0613,C002,2024春季学期
S0614,C002,2024春季学期
S0615,C002,2024春季学期
S0616,C002,2024春季学期
S0617,C002,2024春季学期
S0618,C002,2024春季学期
S0619,C002,2024春季学期
S0620,C002,2024春季学期
S0621,C002,2024春季学期
S0622,C002,2024春季学期
S0623,C002,2024春季学期
S0624,C002,2024春季学期
S0625,C002,2024春季学期
S0626,C002,2024春季学期
S0627,C002,2024春季学期
S0628,C002,2024春季学期
S0629,C002,2024春季学期
S0630,C002,2024春季学期
S0631,C002,2024春季学期
S0632,C002,2024春季学期
S0633,C002,2024春季学期
S0634,C002,2024春季学期
S0635,C002,2024春季学期
S0636,C002,2024春季学期
S0637,C002,2024春季学期
S0638,C002,2024春季学期
S0639,C002,2024春季学期
S0640,C002,2024春季学期
S0641,C002,2024春季学期
S0642,C002,2024春季学期
S0643,C002,2024春季学期
S0644,C002,2024春季学期
S0645,C002,2024春季学期
S0646,C002,2024春季学期
S0647,C002,2024春季学期
S0648,C002,2024春季学期
S0649,C002,2024春季学期
S0650,C002,2024春季学期
S0651,C002,2024春季学期
S0652,C002,2024春季学期
S0653,C002,2024春季学期
S0654,C002,2024春季学期
S0655,C002,2024春季学期
S0656,C002,2024春季学期
S0657,C002,2024春季学期
S0658,C002,2024春季学期
S0659,C002,2024春季学期
S0660,C002,2024春季学期
S0661,C002,2024春季学期
S0662,C002,2024春季学期
S0663,C002,2024春季学期
S0664,C002,2024春季学期
S0665,C002,2024春季学期
S0666,C002,2024春季学期
S0667,C002,2024春季学期
S0668,C002,2024春季学期
S0669,C002,2024春季学期
S0670,C002,2024春季学期
S0671,C002,2024春季学期
S0672,C002,2024春季学期
S0673,C002,2024春季学期
S0674,C002,2024春季学期
S0675,C002,2024春季学期
S0676,C002,2024春季学期
S0677,C002,2024春季学期
S0678,C002,2024春季学期
S0679,C002,2024春季学期
S0680,C002,2024春季学期
S0681,C002,2024春季学期
S0682,C002,2024春季学期
S0683,C002,2024春季学期
S0684,C002,2024春季学期
S0685,C002,2024春季学期
S0686,C002,2024春季学期
S0687,C002,2024春季学期
S0688,C002,2024春季学期
S0689,C002,2024春季学期
S0690,C002,2024春季学期
S0691,C002,2024春季学期
S0692,C002,2024春季学期
S0693,C002,2024春季学期
S0694,C002,2024春季学期
S0695,C002,2024春季学期
S0696,C002,2024春季学期
S0697,C002,2024春季学期
S0698,C002,2024春季学期
S0699,C002,2024春季学期
S0700,C002,2024春季学期
S0701,C002,2024春季学期
S0702,C002,2024春季学期
S0703,C002,2024春季学期
S0704,C002,2024春季学期
S0705,C002,2024春季学期
S0706,C002,2024春季学期
S0707,C002,2024春季学期
S0708,C002,2024春季学期
S0709,C002,2024春季学期
S0710,C002,2024春季学期
S0711,C002,2024春季学期
S0712,C002,2024春季学期
S0713,C002,2024春季学期
S0714,C002,2024春季学期
S0715,C002,2024春季学期
S0716,C002,2024春季学期
S0717,C002,2024春季学期
S0718,C002,2024春季学期
S0719,C002,2024春季学期
S0720,C002,2024春季学期
S0721,C002,2024春季学期
S0722,C002,2024春季学期
S0723,C002,2024春季学期
S0724,C002,2024春季学期
S0725,C002,2024春季学期
S0726,C002,2024春季学期
S0727,C002,2024春季学期
S0728,C002,2024春季学期
S0729,C002,2024春季学期
S0730,C002,2024春季学期
S0731,C002,2024春季学期
S0732,C002,2024春季学期
S0733,C002,2024春季学期
S0734,C002,2024春季学期
S0735,C002,2024春季学期
S0736,C002,2024春季学期
S0737,C002,2024春季学期
S0738,C002,2024春季学期
S0739,C002,2024春季学期
S0740,C002,2024春季学期
S0741,C002,2024春季学期
S0742,C002,2024春季学期
S0743,C002,2024春季学期
S0744,C002,2024春季学期
S0745,C002,2024春季学期
S0746,C002,2024春季学期
S0747,C002,2024春季学期
S0748,C002,2024春季学期
S0749,C002,2024春季学期
S0750,C002,2024春季学期
S0751,C002,2024春季学期
S0752,C002,2024春季学期
S0753,C002,2024春季学期
S0754,C002,2024春季学期
S0755,C002,2024春季学期
S0756,C002,2024春季学期
S0757,C002,2024春季学期
S0758,C002,2024春季学期
S0759,C002,2024春季学期
S0760,C002,2024春季学期
S0761,C002,2024春季学期
S0762,C002,2024春季学期
S0763,C002,2024春季学期
S0764,C002,2024春季学期
S0765,C002,2024春季学期
S0766,C002,2024春季学期
S0767,C002,2024春季学期
S0768,C002,2024春季学期
S0769,C002,2024春季学期
S0770,C002,2024春季学期
S0771,C002,2024春季学期
S0772,C002,2024春季学期
S0773,C002,2024春季学期
S0774,C002,2024春季学期
S0775,C002,2024春季学期
S0776,C002,2024春季学期
S0777,C002,2024春季学期
S0778,C002,2024春季学期
S0779,C002,2024春季学期
S0780,C002,2024春季学期
S0781,C002,2024春季学期
S0782,C002,2024春季学期
S0783,C002,2024春季学期
S0784,C002,2024春季学期
S0785,C002,2024春季学期
S0786,C002,2024春季学期
S0787,C002,2024春季学期
S0788,C002,2024春季学期
S0789,C002,2024春季学期
S0790,C002,2024春季学期
S0791,C002,2024春季学期
S0792,C002,2024春季学期
S0793,C002,2024春季学期
S0794,C002,2024春季学期
S0795,C002,2024春季学期
S0796,C002,2024春季学期
S0797,C002,2024春季学期
S0798,C002,2024春季学期
S0799,C002,2024春季学期
S0800,C002,2024春季学期
S0801,C002,2024春季学期
S0802,C002,2024春季学期
S0803,C002,2024春季学期
S0804,C002,2024春季学期
S0805,C002,2024春季学期
S0806,C002,2024春季学期
S0807,C002,2024春季学期
S0808,C002,2024春季学期
S0809,C002,2024春季学期
S0810,C002,2024春季学期
S0811,C002,2024春季学期
S0812,C002,2024春季学期
S0813,C002,2024春季学期
S0814,C002,2024春季学期
S0815,C002,2024春季学期
S0816,C002,2024春季学期
S0817,C002,2024春季学期
S0818,C002,2024春季学期
S0819,C002,2024春季学期
S0820,C002,2024春季学期
S0821,C002,2024春季学期
S0822,C002,2024春季学期
S0823,C002,2024春季学期
S0824,C002,2024春季学期
S0825,C002,2024春季学期
S0826,C002,2024春季学期
S0827,C002,2024春季学期
S0828,C002,2024春季学期
S0829,C002,2024春季学期
S0830,C002,2024春季学期
S0831,C002,2024春季学期
S0832,C002,2024春季学期
S0833,C002,2024春季学期
S0834,C002,2024春季学期
S0835,C002,2024春季学期
S0836,C002,2024春季学期
S0837,C002,2024春季学期
S0838,C002,2024春季学期
S0839,C002,2024春季学期
S0840,C002,2024春季学期
S0841,C002,2024春季学期
S0842,C002,2024春季学期
S0843,C002,2024春季学期
S0844,C002,2024春季学期
S0845,C002,2024春季学期
S0846,C002,2024春季学期
S0847,C002,2024春季学期
S0848,C002,2024春季学期
S0849,C002,2024春季学期
S0850,C002,2024春季学期
S0851,C002,2024春季学期
S0852,C002,2024春季学期
S0853,C002,2024春季学期
S0854,C002,2024春季学期
S0855,C002,2024春季学期
S0856,C002,2024春季学期
S0857,C002,2024春季学期
S0858,C002,2024春季学期
S0859,C002,2024春季学期
S0860,C002,2024春季学期
S0861,C002,2024春季学期
S0862,C002,2024春季学期
S0863,C002,2024春季学期
S0864,C002,2024春季学期
S0865,C002,2024春季学期
S0866,C002,2024春季学期
S0867,C002,2024春季学期
S0868,C002,2024春季学期
S0869,C002,2024春季学期
S0870,C002,2024春季学期
S0871,C002,2024春季学期
S0872,C002,2024春季学期
S0873,C002,2024春季学期
S0874,C002,2024春季学期
S0875,C002,2024春季学期
S0876,C002,2024春季学期
S0877,C002,2024春季学期
S0878,C002,2024春季学期
S0879,C002,2024春季学期
S0880,C002,2024春季学期
S0881,C002,2024春季学期
S0882,C002,2024春季学期
S0883,C002,2024春季学期
S0884,C002,2024春季学期
S0885,C002,2024春季学期
S0886,C002,2024春季学期
S0887,C002,2024春季学期
S0888,C002,2024春季学期
S0889,C002,2024春季学期
S0890,C002,2024春季学期
S0891,C002,2024春季学期
S0892,C002,2024春季学期
S0893,C002,2024春季学期
S0894,C002,2024春季学期
S0895,C002,2024春季学期
S0896,C002,2024春季学期
S0897,C002,2024春季学期
S0898,C002,2024春季学期
S0899,C002,2024春季学期
S0900,C002,2024春季学期
S0901,C002,2024春季学期
S0902,C002,2024春季学期
S0903,C002,2024春季学期
S0904,C002,2024春季学期
S0905,C002,2024春季学期
S0906,C002,2024春季学期
S0907,C002,2024春季学期
S0908,C002,2024春季学期
S0909,C002,2024春季学期
S0910,C002,2024春季学期
S0911,C002,2024春季学期
S0912,C002,2024春季学期
S0913,C002,2024春季学期
S0914,C002,2024春季学期
S0915,C002,2024春季学期
S0916,C002,2024春季学期
S0917,C002,2024春季学期
S0918,C002,2024春季学期
S0919,C002,2024春季学期
S0920,C002,2024春季学期
S0921,C002,2024春季学期
S0922,C002,2024春季学期
S0923,C002,2024春季学期
S0924,C002,2024春季学期
S0925,C002,2024春季学期
S0926,C002,2024春季学期
S0927,C002,2024春季学期
S0928,C002,2024春季学期
S0929,C002,2024春季学期
S0930,C002,2024春季学期
S0931,C002,2024春季学期
S0932,C002,2024春季学期
S0933,C002,2024春季学期
S0934,C002,2024春季学期
S0935,C002,2024春季学期
S0936,C002,2024春季学期
S0937,C002,2024春季学期
S0938,C002,2024春季学期
S0939,C002,2024春季学期
S0940,C002,2024春季学期
S0941,C002,2024春季学期
S0942,C002,2024春季学期
S0943,C002,2024春季学期
S0944,C002,2024春季学期
S0945,C002,2024春季学期
S0946,C002,2024春季学期
S0947,C002,2024春季学期
S0948,C002,2024春季学期
S0949,C002,2024春季学期
S0950,C002,2024春季学期
S0951,C002,2024春季学期
S0952,C002,2024春季学期
S0953,C002,2024春季学期
S0954,C002,2024春季学期
S0955,C002,2024春季学期
S0956,C002,2024春季学期
S0957,C002,2024春季学期
S0958,C002,2024春季学期
S0959,C002,2024春季学期
S0960,C002,2024春季学期
S0961,C002,2024春季学期
S0962,C002,2024春季学期
S0963,C002,2024春季学期
S0964,C002,2024春季学期
S0965,C002,2024春季学期
S0966,C002,2024春季学期
S0967,C002,2024春季学期
S0968,C002,2024春季学期
S0969,C002,2024春季学期
S0970,C002,2024春季学期
S0971,C002,2024春季学期
S0972,C002,2024春季学期
S0973,C002,2024春季学期
S0974,C002,2024春季学期
S0975,C002,2024春季学期
S0976,C002,2024春季学期
S0977,C002,2024春季学期
S0978,C002,2024春季学期
S0979,C002,2024春季学期
S0980,C002,2024春季学期
S0981,C002,2024春季学期
S0982,C002,2024春季学期
S0983,C002,2024春季学期
S0984,C002,2024春季学期
S0985,C002,2024春季学期
S0986,C002,2024春季学期
S0987,C002,2024春季学期
S0988,C002,2024春季学期
S0989,C002,2024春季学期
S0990,C002,2024春季学期
S0991,C002,2024春季学期
S0992,C002,2024春季学期
S0993,C002,2024春季学期
S0994,C002,2024春季学期
S0995,C002,2024春季学期
S0996,C002,2024春季学期
S0997,C002,2024春季学期
S0998,C002,2024春季学期
S0999,C002,2024春季学期
S1000,C002,2024春季学期
S0001,C003,2024春季学期
S0002,C003,2024春季学期
S0003,C003,2024春季学期
S0004,C003,2024春季学期
S0005,C003,2024春季学期
S0006,C003,2024春季学期
S0007,C003,2024春季学期
S0008,C003,2024春季学期
S0009,C003,2024春季学期
S0010,C003,2024春季学期
S0011,C003,2024春季学期
S0012,C003,2024春季学期
S0013,C003,2024春季学期
S0014,C003,2024春季学期
S0015,C003,2024春季学期
S0016,C003,2024春季学期
S0017,C003,2024春季学期
S0018,C003,2024春季学期
S0019,C003,2024春季学期
S0020,C003,2024春季学期
S0021,C003,2024春季学期
S0022,C003,2024春季学期
S0023,C003,2024春季学期
S0024,C003,2024春季学期
S0025,C003,2024春季学期
S0026,C003,2024春季学期
S0027,C003,2024春季学期
S0028,C003,2024春季学期
S0029,C003,2024春季学期
S0030,C003,2024春季学期
S0031,C003,2024春季学期
S0032,C003,2024春季学期
S0033,C003,2024春季学期
S0034,C003,2024春季学期
S0035,C003,2024春季学期
S0036,C003,2024春季学期
S0037,C003,2024春季学期
S0038,C003,2024春季学期
S0039,C003,2024春季学期
S0040,C003,2024春季学期
S0041,C003,2024春季学期
S0042,C003,2024春季学期
S0043,C003,2024春季学期
S0044,C003,2024春季学期
S0045,C003,2024春季学期
S0046,C003,2024春季学期
S0047,C003,2024春季学期
S0048,C003,2024春季学期
S0049,C003,2024春季学期
S0050,C003,2024春季学期
S0051,C003,2024春季学期
S0052,C003,2024春季学期
S0053,C003,2024春季学期
S0054,C003,2024春季学期
S0055,C003,2024春季学期
S0056,C003,2024春季学期
S0057,C003,2024春季学期
S0058,C003,2024春季学期
S0059,C003,2024春季学期
S0060,C003,2024春季学期
S0061,C003,2024春季学期
S0062,C003,2024春季学期
S0063,C003,2024春季学期
S0064,C003,2024春季学期
S0065,C003,2024春季学期
S0066,C003,2024春季学期
S0067,C003,2024春季学期
S0068,C003,2024春季学期
S0069,C003,2024春季学期
S0070,C003,2024春季学期
S0071,C003,2024春季学期
S0072,C003,2024春季学期
S0073,C003,2024春季学期
S0074,C003,2024春季学期
S0075,C003,2024春季学期
S0076,C003,2024春季学期
S0077,C003,2024春季学期
S0078,C003,2024春季学期
S0079,C003,2024春季学期
S0080,C003,2024春季学期
S0081,C003,2024春季学期
S0082,C003,2024春季学期
S0083,C003,2024春季学期
S0084,C003,2024春季学期
S0085,C003,2024春季学期
S0086,C003,2024春季学期
S0087,C003,2024春季学期
S0088,C003,2024春季学期
S0089,C003,2024春季学期
S0090,C003,2024春季学期
S0091,C003,2024春季学期
S0092,C003,2024春季学期
S0093,C003,2024春季学期
S0094,C003,2024春季学期
S0095,C003,2024春季学期
S0096,C003,2024春季学期
S0097,C003,2024春季学期
S0098,C003,2024春季学期
S0099,C003,2024春季学期
S0100,C003,2024春季学期
S0101,C003,2024春季学期
S0102,C003,2024春季学期
S0103,C003,2024春季学期
S0104,C003,2024春季学期
S0105,C003,2024春季学期
S0106,C003,2024春季学期
S0107,C003,2024春季学期
S0108,C003,2024春季学期
S0109,C003,2024春季学期
S0110,C003,2024春季学期
S0111,C003,2024春季学期
S0112,C003,2024春季学期
S0113,C003,2024春季学期
S0114,C003,2024春季学期
S0115,C003,2024春季学期
S0116,C003,2024春季学期
S0117,C003,2024春季学期
S0118,C003,2024春季学期
S0119,C003,2024春季学期
S0120,C003,2024春季学期
S0121,C003,2024春季学期
S0122,C003,2024春季学期
S0123,C003,2024春季学期
S0124,C003,2024春季学期
S0125,C003,2024春季学期
S0126,C003,2024春季学期
S0127,C003,2024春季学期
S0128,C003,2024春季学期
S0129,C003,2024春季学期
S0130,C003,2024春季学期
S0131,C003,2024春季学期
S0132,C003,2024春季学期
S0133,C003,2024春季学期
S0134,C003,2024春季学期
S0135,C003,2024春季学期
S0136,C003,2024春季学期
S0137,C003,2024春季学期
S0138,C003,2024春季学期
S0139,C003,2024春季学期
S0140,C003,2024春季学期
S0141,C003,2024春季学期
S0142,C003,2024春季学期
S0143,C003,2024春季学期
S0144,C003,2024春季学期
S0145,C003,2024春季学期
S0146,C003,2024春季学期
S0147,C003,2024春季学期
S0148,C003,2024春季学期
S0149,C003,2024春季学期
S0150,C003,2024春季学期
S0151,C003,2024春季学期
S0152,C003,2024春季学期
S0153,C003,2024春季学期
S0154,C003,2024春季学期
S0155,C003,2024春季学期
S0156,C003,2024春季学期
S0157,C003,2024春季学期
S0158,C003,2024春季学期
S0159,C003,2024春季学期
S0160,C003,2024春季学期
S0161,C003,2024春季学期
S0162,C003,2024春季学期
S0163,C003,2024春季学期
S0164,C003,2024春季学期
S0165,C003,2024春季学期
S0166,C003,2024春季学期
S0167,C003,2024春季学期
S0168,C003,2024春季学期
S0169,C003,2024春季学期
S0170,C003,2024春季学期
S0171,C003,2024春季学期
S0172,C003,2024春季学期
S0173,C003,2024春季学期
S0174,C003,2024春季学期
S0175,C003,2024春季学期
S0176,C003,2024春季学期
S0177,C003,2024春季学期
S0178,C003,2024春季学期
S0179,C003,2024春季学期
S0180,C003,2024春季学期
S0181,C003,2024春季学期
S0182,C003,2024春季学期
S0183,C003,2024春季学期
S0184,C003,2024春季学期
S0185,C003,2024春季学期
S0186,C003,2024春季学期
S0187,C003,2024春季学期
S0188,C003,2024春季学期
S0189,C003,2024春季学期
S0190,C003,2024春季学期
S0191,C003,2024春季学期
S0192,C003,2024春季学期
S0193,C003,2024春季学期
S0194,C003,2024春季学期
S0195,C003,2024春季学期
S0196,C003,2024春季学期
S0197,C003,2024春季学期
S0198,C003,2024春季学期
S0199,C003,2024春季学期
S0200,C003,2024春季学期
S0201,C003,2024春季学期
S0202,C003,2024春季学期
S0203,C003,2024春季学期
S0204,C003,2024春季学期
S0205,C003,2024春季学期
S0206,C003,2024春季学期
S0207,C003,2024春季学期
S0208,C003,2024春季学期
S0209,C003,2024春季学期
S0210,C003,2024春季学期
S0211,C003,2024春季学期
S0212,C003,2024春季学期
S0213,C003,2024春季学期
S0214,C003,2024春季学期
S0215,C003,2024春季学期
S0216,C003,2024春季学期
S0217,C003,2024春季学期
S0218,C003,2024春季学期
S0219,C003,2024春季学期
S0220,C003,2024春季学期
S0221,C003,2024春季学期
S0222,C003,2024春季学期
S0223,C003,2024春季学期
S0224,C003,2024春季学期
S0225,C003,2024春季学期
S0226,C003,2024春季学期
S0227,C003,2024春季学期
S0228,C003,2024春季学期
S0229,C003,2024春季学期
S0230,C003,2024春季学期
S0231,C003,2024春季学期
S0232,C003,2024春季学期
S0233,C003,2024春季学期
S0234,C003,2024春季学期
S0235,C003,2024春季学期
S0236,C003,2024春季学期
S0237,C003,2024春季学期
S0238,C003,2024春季学期
S0239,C003,2024春季学期
S0240,C003,2024春季学期
S0241,C003,2024春季学期
S0242,C003,2024春季学期
S0243,C003,2024春季学期
S0244,C003,2024春季学期
S0245,C003,2024春季学期
S0246,C003,2024春季学期
S0247,C003,2024春季学期
S0248,C003,2024春季学期
S0249,C003,2024春季学期
S0250,C003,2024春季学期
S0251,C003,2024春季学期
S0252,C003,2024春季学期
S0253,C003,2024春季学期
S0254,C003,2024春季学期
S0255,C003,2024春季学期
S0256,C003,2024春季学期
S0257,C003,2024春季学期
S0258,C003,2024春季学期
S0259,C003,2024春季学期
S0260,C003,2024春季学期
S0261,C003,2024春季学期
S0262,C003,2024春季学期
S0263,C003,2024春季学期
S0264,C003,2024春季学期
S0265,C003,2024春季学期
S0266,C003,2024春季学期
S0267,C003,2024春季学期
S0268,C003,2024春季学期
S0269,C003,2024春季学期
S0270,C003,2024春季学期
S0271,C003,2024春季学期
S0272,C003,2024春季学期
S0273,C003,2024春季学期
S0274,C003,2024春季学期
S0275,C003,2024春季学期
S0276,C003,2024春季学期
S0277,C003,2024春季学期
S0278,C003,2024春季学期
S0279,C003,2024春季学期
S0280,C003,2024春季学期
S0281,C003,2024春季学期
S0282,C003,2024春季学期
S0283,C003,2024春季学期
S0284,C003,2024春季学期
S0285,C003,2024春季学期
S0286,C003,2024春季学期
S0287,C003,2024春季学期
S0288,C003,2024春季学期
S0289,C003,2024春季学期
S0290,C003,2024春季学期
S0291,C003,2024春季学期
S0292,C003,2024春季学期
S0293,C003,2024春季学期
S0294,C003,2024春季学期
S0295,C003,2024春季学期
S0296,C003,2024春季学期
S0297,C003,2024春季学期
S0298,C003,2024春季学期
S0299,C003,2024春季学期
S0300,C003,2024春季学期
S0301,C003,2024春季学期
S0302,C003,2024春季学期
S0303,C003,2024春季学期
S0304,C003,2024春季学期
S0305,C003,2024春季学期
S0306,C003,2024春季学期
S0307,C003,2024春季学期
S0308,C003,2024春季学期
S0309,C003,2024春季学期
S0310,C003,2024春季学期
S0311,C003,2024春季学期
S0312,C003,2024春季学期
S0313,C003,2024春季学期
S0314,C003,2024春季学期
S0315,C003,2024春季学期
S0316,C003,2024春季学期
S0317,C003,2024春季学期
S0318,C003,2024春季学期
S0319,C003,2024春季学期
S0320,C003,2024春季学期
S0321,C003,2024春季学期
S0322,C003,2024春季学期
S0323,C003,2024春季学期
S0324,C003,2024春季学期
S0325,C003,2024春季学期
S0326,C003,2024春季学期
S0327,C003,2024春季学期
S0328,C003,2024春季学期
S0329,C003,2024春季学期
S0330,C003,2024春季学期
S0331,C003,2024春季学期
S0332,C003,2024春季学期
S0333,C003,2024春季学期
S0334,C003,2024春季学期
S0335,C003,2024春季学期
S0336,C003,2024春季学期
S0337,C003,2024春季学期
S0338,C003,2024春季学期
S0339,C003,2024春季学期
S0340,C003,2024春季学期
S0341,C003,2024春季学期
S0342,C003,2024春季学期
S0343,C003,2024春季学期
S0344,C003,2024春季学期
S0345,C003,2024春季学期
S0346,C003,2024春季学期
S0347,C003,2024春季学期
S0348,C003,2024春季学期
S0349,C003,2024春季学期
S0350,C003,2024春季学期
S0351,C003,2024春季学期
S0352,C003,2024春季学期
S0353,C003,2024春季学期
S0354,C003,2024春季学期
S0355,C003,2024春季学期
S0356,C003,2024春季学期
S0357,C003,2024春季学期
S0358,C003,2024春季学期
S0359,C003,2024春季学期
S0360,C003,2024春季学期
S0361,C003,2024春季学期
S0362,C003,2024春季学期
S0363,C003,2024春季学期
S0364,C003,2024春季学期
S0365,C003,2024春季学期
S0366,C003,2024春季学期
S0367,C003,2024春季学期
S0368,C003,2024春季学期
S0369,C003,2024春季学期
S0370,C003,2024春季学期
S0371,C003,2024春季学期
S0372,C003,2024春季学期
S0373,C003,2024春季学期
S0374,C003,2024春季学期
S0375,C003,2024春季学期
S0376,C003,2024春季学期
S0377,C003,2024春季学期
S0378,C003,2024春季学期
S0379,C003,2024春季学期
S0380,C003,2024春季学期
S0381,C003,2024春季学期
S0382,C003,2024春季学期
S0383,C003,2024春季学期
S0384,C003,2024春季学期
S0385,C003,2024春季学期
S0386,C003,2024春季学期
S0387,C003,2024春季学期
S0388,C003,2024春季学期
S0389,C003,2024春季学期
S0390,C003,2024春季学期
S0391,C003,2024春季学期
S0392,C003,2024春季学期
S0393,C003,2024春季学期
S0394,C003,2024春季学期
S0395,C003,2024春季学期
S0396,C003,2024春季学期
S0397,C003,2024春季学期
S0398,C003,2024春季学期
S0399,C003,2024春季学期
S0400,C003,2024春季学期
S0401,C003,2024春季学期
S0402,C003,2024春季学期
S0403,C003,2024春季学期
S0404,C003,2024春季学期
S0405,C003,2024春季学期
S0406,C003,2024春季学期
S0407,C003,2024春季学期
S0408,C003,2024春季学期
S0409,C003,2024春季学期
S0410,C003,2024春季学期
S0411,C003,2024春季学期
S0412,C003,2024春季学期
S0413,C003,2024春季学期
S0414,C003,2024春季学期
S0415,C003,2024春季学期
S0416,C003,2024春季学期
S0417,C003,2024春季学期
S0418,C003,2024春季学期
S0419,C003,2024春季学期
S0420,C003,2024春季学期
S0421,C003,2024春季学期
S0422,C003,2024春季学期
S0423,C003,2024春季学期
S0424,C003,2024春季学期
S0425,C003,2024春季学期
S0426,C003,2024春季学期
S0427,C003,2024春季学期
S0428,C003,2024春季学期
S0429,C003,2024春季学期
S0430,C003,2024春季学期
S0431,C003,2024春季学期
S0432,C003,2024春季学期
S0433,C003,2024春季学期
S0434,C003,2024春季学期
S0435,C003,2024春季学期
S0436,C003,2024春季学期
S0437,C003,2024春季学期
S0438,C003,2024春季学期
S0439,C003,2024春季学期
S0440,C003,2024春季学期
S0441,C003,2024春季学期
S0442,C003,2024春季学期
S0443,C003,2024春季学期
S0444,C003,2024春季学期
S0445,C003,2024春季学期
S0446,C003,2024春季学期
S0447,C003,2024春季学期
S0448,C003,2024春季学期
S0449,C003,2024春季学期
S0450,C003,2024春季学期
S0451,C003,2024春季学期
S0452,C003,2024春季学期
S0453,C003,2024春季学期
S0454,C003,2024春季学期
S0455,C003,2024春季学期
S0456,C003,2024春季学期
S0457,C003,2024春季学期
S0458,C003,2024春季学期
S0459,C003,2024春季学期
S0460,C003,2024春季学期
S0461,C003,2024春季学期
S0462,C003,2024春季学期
S0463,C003,2024春季学期
S0464,C003,2024春季学期
S0465,C003,2024春季学期
S0466,C003,2024春季学期
S0467,C003,2024春季学期
S0468,C003,2024春季学期
S0469,C003,2024春季学期
S0470,C003,2024春季学期
S0471,C003,2024春季学期
S0472,C003,2024春季学期
S0473,C003,2024春季学期
S0474,C003,2024春季学期
S0475,C003,2024春季学期
S0476,C003,2024春季学期
S0477,C003,2024春季学期
S0478,C003,2024春季学期
S0479,C003,2024春季学期
S0480,C003,2024春季学期
S0481,C003,2024春季学期
S0482,C003,2024春季学期
S0483,C003,2024春季学期
S0484,C003,2024春季学期
S0485,C003,2024春季学期
S0486,C003,2024春季学期
S0487,C003,2024春季学期
S0488,C003,2024春季学期
S0489,C003,2024春季学期
S0490,C003,2024春季学期
S0491,C003,2024春季学期
S0492,C003,2024春季学期
S0493,C003,2024春季学期
S0494,C003,2024春季学期
S0495,C003,2024春季学期
S0496,C003,2024春季学期
S0497,C003,2024春季学期
S0498,C003,2024春季学期
S0499,C003,2024春季学期
S0500,C003,2024春季学期
S0501,C003,2024春季学期
S0502,C003,2024春季学期
S0503,C003,2024春季学期
S0504,C003,2024春季学期
S0505,C003,2024春季学期
S0506,C003,2024春季学期
S0507,C003,2024春季学期
S0508,C003,2024春季学期
S0509,C003,2024春季学期
S0510,C003,2024春季学期
S0511,C003,2024春季学期
S0512,C003,2024春季学期
S0513,C003,2024春季学期
S0514,C003,2024春季学期
S0515,C003,2024春季学期
S0516,C003,2024春季学期
S0517,C003,2024春季学期
S0518,C003,2024春季学期
S0519,C003,2024春季学期
S0520,C003,2024春季学期
S0521,C003,2024春季学期
S0522,C003,2024春季学期
S0523,C003,2024春季学期
S0524,C003,2024春季学期
S0525,C003,2024春季学期
S0526,C003,2024春季学期
S0527,C003,2024春季学期
S0528,C003,2024春季学期
S0529,C003,2024春季学期
S0530,C003,2024春季学期
S0531,C003,2024春季学期
S0532,C003,2024春季学期
S0533,C003,2024春季学期
S0534,C003,2024春季学期
S0535,C003,2024春季学期
S0536,C003,2024春季学期
S0537,C003,2024春季学期
S0538,C003,2024春季学期
S0539,C003,2024春季学期
S0540,C003,2024春季学期
S0541,C003,2024春季学期
S0542,C003,2024春季学期
S0543,C003,2024春季学期
S0544,C003,2024春季学期
S0545,C003,2024春季学期
S0546,C003,2024春季学期
S0547,C003,2024春季学期
S0548,C003,2024春季学期
S0549,C003,2024春季学期
S0550,C003,2024春季学期
S0551,C003,2024春季学期
S0552,C003,2024春季学期
S0553,C003,2024春季学期
S0554,C003,2024春季学期
S0555,C003,2024春季学期
S0556,C003,2024春季学期
S0557,C003,2024春季学期
S0558,C003,2024春季学期
S0559,C003,2024春季学期
S0560,C003,2024春季学期
S0561,C003,2024春季学期
S0562,C003,2024春季学期
S0563,C003,2024春季学期
S0564,C003,2024春季学期
S0565,C003,2024春季学期
S0566,C003,2024春季学期
S0567,C003,2024春季学期
S0568,C003,2024春季学期
S0569,C003,2024春季学期
S0570,C003,2024春季学期
S0571,C003,2024春季学期
S0572,C003,2024春季学期
S0573,C003,2024春季学期
S0574,C003,2024春季学期
S0575,C003,2024春季学期
S0576,C003,2024春季学期
S0577,C003,2024春季学期
S0578,C003,2024春季学期
S0579,C003,2024春季学期
S0580,C003,2024春季学期
S0581,C003,2024春季学期
S0582,C003,2024春季学期
S0583,C003,2024春季学期
S0584,C003,2024春季学期
S0585,C003,2024春季学期
S0586,C003,2024春季学期
S0587,C003,2024春季学期
S0588,C003,2024春季学期
S0589,C003,2024春季学期
S0590,C003,2024春季学期
S0591,C003,2024春季学期
S0592,C003,2024春季学期
S0593,C003,2024春季学期
S0594,C003,2024春季学期
S0595,C003,2024春季学期
S0596,C003,2024春季学期
S0597,C003,2024春季学期
S0598,C003,2024春季学期
S0599,C003,2024春季学期
S0600,C003,2024春季学期
S0601,C003,2024春季学期
S0602,C003,2024春季学期
S0603,C003,2024春季学期
S0604,C003,2024春季学期
S0605,C003,2024春季学期
S0606,C003,2024春季学期
S0607,C003,2024春季学期
S0608,C003,2024春季学期
S0609,C003,2024春季学期
S0610,C003,2024春季学期
S0611,C003,2024春季学期
S0612,C003,2024春季学期
S0613,C003,2024春季学期
S0614,C003,2024春季学期
S0615,C003,2024春季学期
S0616,C003,2024春季学期
S0617,C003,2024春季学期
S0618,C003,2024春季学期
S0619,C003,2024春季学期
S0620,C003,2024春季学期
S0621,C003,2024春季学期
S0622,C003,2024春季学期
S0623,C003,2024春季学期
S0624,C003,2024春季学期
S0625,C003,2024春季学期
S0626,C003,2024春季学期
S0627,C003,2024春季学期
S0628,C003,2024春季学期
S0629,C003,2024春季学期
S0630,C003,2024春季学期
S0631,C003,2024春季学期
S0632,C003,2024春季学期
S0633,C003,2024春季学期
S0634,C003,2024春季学期
S0635,C003,2024春季学期
S0636,C003,2024春季学期
S0637,C003,2024春季学期
S0638,C003,2024春季学期
S0639,C003,2024春季学期
S0640,C003,2024春季学期
S0641,C003,2024春季学期
S0642,C003,2024春季学期
S0643,C003,2024春季学期
S0644,C003,2024春季学期
S0645,C003,2024春季学期
S0646,C003,2024春季学期
S0647,C003,2024春季学期
S0648,C003,2024春季学期
S0649,C003,2024春季学期
S0650,C003,2024春季学期
S0651,C003,2024春季学期
S0652,C003,2024春季学期
S0653,C003,2024春季学期
S0654,C003,2024春季学期
S0655,C003,2024春季学期
S0656,C003,2024春季学期
S0657,C003,2024春季学期
S0658,C003,2024春季学期
S0659,C003,2024春季学期
S0660,C003,2024春季学期
S0661,C003,2024春季学期
S0662,C003,2024春季学期
S0663,C003,2024春季学期
S0664,C003,2024春季学期
S0665,C003,2024春季学期
S0666,C003,2024春季学期
S0667,C003,2024春季学期
S0668,C003,2024春季学期
S0669,C003,2024春季学期
S0670,C003,2024春季学期
S0671,C003,2024春季学期
S0672,C003,2024春季学期
S0673,C003,2024春季学期
S0674,C003,2024春季学期
S0675,C003,2024春季学期
S0676,C003,2024春季学期
S0677,C003,2024春季学期
S0678,C003,2024春季学期
S0679,C003,2024春季学期
S0680,C003,2024春季学期
S0681,C003,2024春季学期
S0682,C003,2024春季学期
S0683,C003,2024春季学期
S0684,C003,2024春季学期
S0685,C003,2024春季学期
S0686,C003,2024春季学期
S0687,C003,2024春季学期
S0688,C003,2024春季学期
S0689,C003,2024春季学期
S0690,C003,2024春季学期
S0691,C003,2024春季学期
S0692,C003,2024春季学期
S0693,C003,2024春季学期
S0694,C003,2024春季学期
S0695,C003,2024春季学期
S0696,C003,2024春季学期
S0697,C003,2024春季学期
S0698,C003,2024春季学期
S0699,C003,2024春季学期
S0700,C003,2024春季学期
S0701,C003,2024春季学期
S0702,C003,2024春季学期
S0703,C003,2024春季学期
S0704,C003,2024春季学期
S0705,C003,2024春季学期
S0706,C003,2024春季学期
S0707,C003,2024春季学期
S0708,C003,2024春季学期
S0709,C003,2024春季学期
S0710,C003,2024春季学期
S0711,C003,2024春季学期
S0712,C003,2024春季学期
S0713,C003,2024春季学期
S0714,C003,2024春季学期
S0715,C003,2024春季学期
S0716,C003,2024春季学期
S0717,C003,2024春季学期
S0718,C003,2024春季学期
S0719,C003,2024春季学期
S0720,C003,2024春季学期
S0721,C003,2024春季学期
S0722,C003,2024春季学期
S0723,C003,2024春季学期
S0724,C003,2024春季学期
S0725,C003,2024春季学期
S0726,C003,2024春季学期
S0727,C003,2024春季学期
S0728,C003,2024春季学期
S0729,C003,2024春季学期
S0730,C003,2024春季学期
S0731,C003,2024春季学期
S0732,C003,2024春季学期
S0733,C003,2024春季学期
S0734,C003,2024春季学期
S0735,C003,2024春季学期
S0736,C003,2024春季学期
S0737,C003,2024春季学期
S0738,C003,2024春季学期
S0739,C003,2024春季学期
S0740,C003,2024春季学期
S0741,C003,2024春季学期
S0742,C003,2024春季学期
S0743,C003,2024春季学期
S0744,C003,2024春季学期
S0745,C003,2024春季学期
S0746,C003,2024春季学期
S0747,C003,2024春季学期
S0748,C003,2024春季学期
S0749,C003,2024春季学期
S0750,C003,2024春季学期
S0751,C003,2024春季学期
S0752,C003,2024春季学期
S0753,C003,2024春季学期
S0754,C003,2024春季学期
S0755,C003,2024春季学期
S0756,C003,2024春季学期
S0757,C003,2024春季学期
S0758,C003,2024春季学期
S0759,C003,2024春季学期
S0760,C003,2024春季学期
S0761,C003,2024春季学期
S0762,C003,2024春季学期
S0763,C003,2024春季学期
S0764,C003,2024春季学期
S0765,C003,2024春季学期
S0766,C003,2024春季学期
S0767,C003,2024春季学期
S0768,C003,2024春季学期
S0769,C003,2024春季学期
S0770,C003,2024春季学期
S0771,C003,2024春季学期
S0772,C003,2024春季学期
S0773,C003,2024春季学期
S0774,C003,2024春季学期
S0775,C003,2024春季学期
S0776,C003,2024春季学期
S0777,C003,2024春季学期
S0778,C003,2024春季学期
S0779,C003,2024春季学期
S0780,C003,2024春季学期
S0781,C003,2024春季学期
S0782,C003,2024春季学期
S0783,C003,2024春季学期
S0784,C003,2024春季学期
S0785,C003,2024春季学期
S0786,C003,2024春季学期
S0787,C003,2024春季学期
S0788,C003,2024春季学期
S0789,C003,2024春季学期
S0790,C003,2024春季学期
S0791,C003,2024春季学期
S0792,C003,2024春季学期
S0793,C003,2024春季学期
S0794,C003,2024春季学期
S0795,C003,2024春季学期
S0796,C003,2024春季学期
S0797,C003,2024春季学期
S0798,C003,2024春季学期
S0799,C003,2024春季学期
S0800,C003,2024春季学期
S0801,C003,2024春季学期
S0802,C003,2024春季学期
S0803,C003,2024春季学期
S0804,C003,2024春季学期
S0805,C003,2024春季学期
S0806,C003,2024春季学期
S0807,C003,2024春季学期
S0808,C003,2024春季学期
S0809,C003,2024春季学期
S0810,C003,2024春季学期
S0811,C003,2024春季学期
S0812,C003,2024春季学期
S0813,C003,2024春季学期
S0814,C003,2024春季学期
S0815,C003,2024春季学期
S0816,C003,2024春季学期
S0817,C003,2024春季学期
S0818,C003,2024春季学期
S0819,C003,2024春季学期
S0820,C003,2024春季学期
S0821,C003,2024春季学期
S0822,C003,2024春季学期
S0823,C003,2024春季学期
S0824,C003,2024春季学期
S0825,C003,2024春季学期
S0826,C003,2024春季学期
S0827,C003,2024春季学期
S0828,C003,2024春季学期
S0829,C003,2024春季学期
S0830,C003,2024春季学期
S0831,C003,2024春季学期
S0832,C003,2024春季学期
S0833,C003,2024春季学期
S0834,C003,2024春季学期
S0835,C003,2024春季学期
S0836,C003,2024春季学期
S0837,C003,2024春季学期
S0838,C003,2024春季学期
S0839,C003,2024春季学期
S0840,C003,2024春季学期
S0841,C003,2024春季学期
S0842,C003,2024春季学期
S0843,C003,2024春季学期
S0844,C003,2024春季学期
S0845,C003,2024春季学期
S0846,C003,2024春季学期
S0847,C003,2024春季学期
S0848,C003,2024春季学期
S0849,C003,2024春季学期
S0850,C003,2024春季学期
S0851,C003,2024春季学期
S0852,C003,2024春季学期
S0853,C003,2024春季学期
S0854,C003,2024春季学期
S0855,C003,2024春季学期
S0856,C003,2024春季学期
S0857,C003,2024春季学期
S0858,C003,2024春季学期
S0859,C003,2024春季学期
S0860,C003,2024春季学期
S0861,C003,2024春季学期
S0862,C003,2024春季学期
S0863,C003,2024春季学期
S0864,C003,2024春季学期
S0865,C003,2024春季学期
S0866,C003,2024春季学期
S0867,C003,2024春季学期
S0868,C003,2024春季学期
S0869,C003,2024春季学期
S0870,C003,2024春季学期
S0871,C003,2024春季学期
S0872,C003,2024春季学期
S0873,C003,2024春季学期
S0874,C003,2024春季学期
S0875,C003,2024春季学期
S0876,C003,2024春季学期
S0877,C003,2024春季学期
S0878,C003,2024春季学期
S0879,C003,2024春季学期
S0880,C003,2024春季学期
S0881,C003,2024春季学期
S0882,C003,2024春季学期
S0883,C003,2024春季学期
S0884,C003,2024春季学期
S0885,C003,2024春季学期
S0886,C003,2024春季学期
S0887,C003,2024春季学期
S0888,C003,2024春季学期
S0889,C003,2024春季学期
S0890,C003,2024春季学期
S0891,C003,2024春季学期
S0892,C003,2024春季学期
S0893,C003,2024春季学期
S0894,C003,2024春季学期
S0895,C003,2024春季学期
S0896,C003,2024春季学期
S0897,C003,2024春季学期
S0898,C003,2024春季学期
S0899,C003,2024春季学期
S0900,C003,2024春季学期
S0901,C003,2024春季学期
S0902,C003,2024春季学期
S0903,C003,2024春季学期
S0904,C003,2024春季学期
S0905,C003,2024春季学期
S0906,C003,2024春季学期
S0907,C003,2024春季学期
S0908,C003,2024春季学期
S0909,C003,2024春季学期
S0910,C003,2024春季学期
S0911,C003,2024春季学期
S0912,C003,2024春季学期
S0913,C003,2024春季学期
S0914,C003,2024春季学期
S0915,C003,2024春季学期
S0916,C003,2024春季学期
S0917,C003,2024春季学期
S0918,C003,2024春季学期
S0919,C003,2024春季学期
S0920,C003,2024春季学期
S0921,C003,2024春季学期
S0922,C003,2024春季学期
S0923,C003,2024春季学期
S0924,C003,2024春季学期
S0925,C003,2024春季学期
S0926,C003,2024春季学期
S0927,C003,2024春季学期
S0928,C003,2024春季学期
S0929,C003,2024春季学期
S0930,C003,2024春季学期
S0931,C003,2024春季学期
S0932,C003,2024春季学期
S0933,C003,2024春季学期
S0934,C003,2024春季学期
S0935,C003,2024春季学期
S0936,C003,2024春季学期
S0937,C003,2024春季学期
S0938,C003,2024春季学期
S0939,C003,2024春季学期
S0940,C003,2024春季学期
S0941,C003,2024春季学期
S0942,C003,2024春季学期
S0943,C003,2024春季学期
S0944,C003,2024春季学期
S0945,C003,2024春季学期
S0946,C003,2024春季学期
S0947,C003,2024春季学期
S0948,C003,2024春季学期
S0949,C003,2024春季学期
S0950,C003,2024春季学期
S0951,C003,2024春季学期
S0952,C003,2024春季学期
S0953,C003,2024春季学期
S0954,C003,2024春季学期
S0955,C003,2024春季学期
S0956,C003,2024春季学期
S0957,C003,2024春季学期
S0958,C003,2024春季学期
S0959,C003,2024春季学期
S0960,C003,2024春季学期
S0961,C003,2024春季学期
S0962,C003,2024春季学期
S0963,C003,2024春季学期
S0964,C003,2024春季学期
S0965,C003,2024春季学期
S0966,C003,2024春季学期
S0967,C003,2024春季学期
S0968,C003,2024春季学期
S0969,C003,2024春季学期
S0970,C003,2024春季学期
S0971,C003,2024春季学期
S0972,C003,2024春季学期
S0973,C003,2024春季学期
S0974,C003,2024春季学期
S0975,C003,2024春季学期
S0976,C003,2024春季学期
S0977,C003,2024春季学期
S0978,C003,2024春季学期
S0979,C003,2024春季学期
S0980,C003,2024春季学期
S0981,C003,2024春季学期
S0982,C003,2024春季学期
S0983,C003,2024春季学期
S0984,C003,2024春季学期
S0985,C003,2024春季学期
S0986,C003,2024春季学期
S0987,C003,2024春季学期
S0988,C003,2024春季学期
S0989,C003,2024春季学期
S0990,C003,2024春季学期
S0991,C003,2024春季学期
S0992,C003,2024春季学期
S0993,C003,2024春季学期
S0994,C003,2024春季学期
S0995,C003,2024春季学期
S0996,C003,2024春季学期
S0997,C003,2024春季学期
S0998,C003,2024春季学期
S0999,C003,2024春季学期
S1000,C003,2024春季学期
